"media_id"	"deploymentID"	"captureMethod"	"timestamp"	"filePath"	"filePublic"	"fileName"	"fileMediatype"
337766	TH-J-4839	automatic interval exposure	2025-08-16 20:11:00.000	https://lepmon.de/annot8/media/337766	Y	Lepmon#SN010019_TH_J_2025-08-16_T_2011.jpg	image
337767	TH-J-4839	automatic interval exposure	2025-08-16 20:13:00.000	https://lepmon.de/annot8/media/337767	Y	Lepmon#SN010019_TH_J_2025-08-16_T_2013.jpg	image
337913	TH-J-4839	automatic interval exposure	2025-08-16 20:15:00.000	https://lepmon.de/annot8/media/337913	Y	Lepmon#SN010019_TH_J_2025-08-16_T_2015.jpg	image
337914	TH-J-4839	automatic interval exposure	2025-08-16 20:17:00.000	https://lepmon.de/annot8/media/337914	Y	Lepmon#SN010019_TH_J_2025-08-16_T_2017.jpg	image
337915	TH-J-4839	automatic interval exposure	2025-08-16 20:19:00.000	https://lepmon.de/annot8/media/337915	Y	Lepmon#SN010019_TH_J_2025-08-16_T_2019.jpg	image
337916	TH-J-4839	automatic interval exposure	2025-08-16 20:21:00.000	https://lepmon.de/annot8/media/337916	Y	Lepmon#SN010019_TH_J_2025-08-16_T_2021.jpg	image
337918	TH-J-4839	automatic interval exposure	2025-08-16 20:23:00.000	https://lepmon.de/annot8/media/337918	Y	Lepmon#SN010019_TH_J_2025-08-16_T_2023.jpg	image
337919	TH-J-4839	automatic interval exposure	2025-08-16 20:25:00.000	https://lepmon.de/annot8/media/337919	Y	Lepmon#SN010019_TH_J_2025-08-16_T_2025.jpg	image
337920	TH-J-4839	automatic interval exposure	2025-08-16 20:27:00.000	https://lepmon.de/annot8/media/337920	Y	Lepmon#SN010019_TH_J_2025-08-16_T_2027.jpg	image
337922	TH-J-4839	automatic interval exposure	2025-08-16 20:29:00.000	https://lepmon.de/annot8/media/337922	Y	Lepmon#SN010019_TH_J_2025-08-16_T_2029.jpg	image
337923	TH-J-4839	automatic interval exposure	2025-08-16 20:31:00.000	https://lepmon.de/annot8/media/337923	Y	Lepmon#SN010019_TH_J_2025-08-16_T_2031.jpg	image
337925	TH-J-4839	automatic interval exposure	2025-08-16 20:33:00.000	https://lepmon.de/annot8/media/337925	Y	Lepmon#SN010019_TH_J_2025-08-16_T_2033.jpg	image
337926	TH-J-4839	automatic interval exposure	2025-08-16 20:35:00.000	https://lepmon.de/annot8/media/337926	Y	Lepmon#SN010019_TH_J_2025-08-16_T_2035.jpg	image
337927	TH-J-4839	automatic interval exposure	2025-08-16 20:37:00.000	https://lepmon.de/annot8/media/337927	Y	Lepmon#SN010019_TH_J_2025-08-16_T_2037.jpg	image
337929	TH-J-4839	automatic interval exposure	2025-08-16 20:39:00.000	https://lepmon.de/annot8/media/337929	Y	Lepmon#SN010019_TH_J_2025-08-16_T_2039.jpg	image
337930	TH-J-4839	automatic interval exposure	2025-08-16 20:41:00.000	https://lepmon.de/annot8/media/337930	Y	Lepmon#SN010019_TH_J_2025-08-16_T_2041.jpg	image
337931	TH-J-4839	automatic interval exposure	2025-08-16 20:43:00.000	https://lepmon.de/annot8/media/337931	Y	Lepmon#SN010019_TH_J_2025-08-16_T_2043.jpg	image
337934	TH-J-4839	automatic interval exposure	2025-08-16 20:45:00.000	https://lepmon.de/annot8/media/337934	Y	Lepmon#SN010019_TH_J_2025-08-16_T_2045.jpg	image
337935	TH-J-4839	automatic interval exposure	2025-08-16 20:47:00.000	https://lepmon.de/annot8/media/337935	Y	Lepmon#SN010019_TH_J_2025-08-16_T_2047.jpg	image
337937	TH-J-4839	automatic interval exposure	2025-08-16 20:49:00.000	https://lepmon.de/annot8/media/337937	Y	Lepmon#SN010019_TH_J_2025-08-16_T_2049.jpg	image
337938	TH-J-4839	automatic interval exposure	2025-08-16 20:51:00.000	https://lepmon.de/annot8/media/337938	Y	Lepmon#SN010019_TH_J_2025-08-16_T_2051.jpg	image
337939	TH-J-4839	automatic interval exposure	2025-08-16 20:53:00.000	https://lepmon.de/annot8/media/337939	Y	Lepmon#SN010019_TH_J_2025-08-16_T_2053.jpg	image
337941	TH-J-4839	automatic interval exposure	2025-08-16 20:55:00.000	https://lepmon.de/annot8/media/337941	Y	Lepmon#SN010019_TH_J_2025-08-16_T_2055.jpg	image
337942	TH-J-4839	automatic interval exposure	2025-08-16 20:57:00.000	https://lepmon.de/annot8/media/337942	Y	Lepmon#SN010019_TH_J_2025-08-16_T_2057.jpg	image
337943	TH-J-4839	automatic interval exposure	2025-08-16 20:59:00.000	https://lepmon.de/annot8/media/337943	Y	Lepmon#SN010019_TH_J_2025-08-16_T_2059.jpg	image
337944	TH-J-4839	automatic interval exposure	2025-08-16 21:01:00.000	https://lepmon.de/annot8/media/337944	Y	Lepmon#SN010019_TH_J_2025-08-16_T_2101.jpg	image
337946	TH-J-4839	automatic interval exposure	2025-08-16 21:03:00.000	https://lepmon.de/annot8/media/337946	Y	Lepmon#SN010019_TH_J_2025-08-16_T_2103.jpg	image
337947	TH-J-4839	automatic interval exposure	2025-08-16 21:05:00.000	https://lepmon.de/annot8/media/337947	Y	Lepmon#SN010019_TH_J_2025-08-16_T_2105.jpg	image
337949	TH-J-4839	automatic interval exposure	2025-08-16 21:07:00.000	https://lepmon.de/annot8/media/337949	Y	Lepmon#SN010019_TH_J_2025-08-16_T_2107.jpg	image
337950	TH-J-4839	automatic interval exposure	2025-08-16 21:09:00.000	https://lepmon.de/annot8/media/337950	Y	Lepmon#SN010019_TH_J_2025-08-16_T_2109.jpg	image
337952	TH-J-4839	automatic interval exposure	2025-08-16 21:11:00.000	https://lepmon.de/annot8/media/337952	Y	Lepmon#SN010019_TH_J_2025-08-16_T_2111.jpg	image
337953	TH-J-4839	automatic interval exposure	2025-08-16 21:13:00.000	https://lepmon.de/annot8/media/337953	Y	Lepmon#SN010019_TH_J_2025-08-16_T_2113.jpg	image
337954	TH-J-4839	automatic interval exposure	2025-08-16 21:15:00.000	https://lepmon.de/annot8/media/337954	Y	Lepmon#SN010019_TH_J_2025-08-16_T_2115.jpg	image
337955	TH-J-4839	automatic interval exposure	2025-08-16 21:17:00.000	https://lepmon.de/annot8/media/337955	Y	Lepmon#SN010019_TH_J_2025-08-16_T_2117.jpg	image
337957	TH-J-4839	automatic interval exposure	2025-08-16 21:19:00.000	https://lepmon.de/annot8/media/337957	Y	Lepmon#SN010019_TH_J_2025-08-16_T_2119.jpg	image
337958	TH-J-4839	automatic interval exposure	2025-08-16 21:21:00.000	https://lepmon.de/annot8/media/337958	Y	Lepmon#SN010019_TH_J_2025-08-16_T_2121.jpg	image
337959	TH-J-4839	automatic interval exposure	2025-08-16 21:23:00.000	https://lepmon.de/annot8/media/337959	Y	Lepmon#SN010019_TH_J_2025-08-16_T_2123.jpg	image
337961	TH-J-4839	automatic interval exposure	2025-08-16 21:25:00.000	https://lepmon.de/annot8/media/337961	Y	Lepmon#SN010019_TH_J_2025-08-16_T_2125.jpg	image
337962	TH-J-4839	automatic interval exposure	2025-08-16 21:27:00.000	https://lepmon.de/annot8/media/337962	Y	Lepmon#SN010019_TH_J_2025-08-16_T_2127.jpg	image
337964	TH-J-4839	automatic interval exposure	2025-08-16 21:29:00.000	https://lepmon.de/annot8/media/337964	Y	Lepmon#SN010019_TH_J_2025-08-16_T_2129.jpg	image
337965	TH-J-4839	automatic interval exposure	2025-08-16 21:31:00.000	https://lepmon.de/annot8/media/337965	Y	Lepmon#SN010019_TH_J_2025-08-16_T_2131.jpg	image
337966	TH-J-4839	automatic interval exposure	2025-08-16 21:33:00.000	https://lepmon.de/annot8/media/337966	Y	Lepmon#SN010019_TH_J_2025-08-16_T_2133.jpg	image
337968	TH-J-4839	automatic interval exposure	2025-08-16 21:35:00.000	https://lepmon.de/annot8/media/337968	Y	Lepmon#SN010019_TH_J_2025-08-16_T_2135.jpg	image
337969	TH-J-4839	automatic interval exposure	2025-08-16 21:37:00.000	https://lepmon.de/annot8/media/337969	Y	Lepmon#SN010019_TH_J_2025-08-16_T_2137.jpg	image
337970	TH-J-4839	automatic interval exposure	2025-08-16 21:39:00.000	https://lepmon.de/annot8/media/337970	Y	Lepmon#SN010019_TH_J_2025-08-16_T_2139.jpg	image
337972	TH-J-4839	automatic interval exposure	2025-08-16 21:41:00.000	https://lepmon.de/annot8/media/337972	Y	Lepmon#SN010019_TH_J_2025-08-16_T_2141.jpg	image
337973	TH-J-4839	automatic interval exposure	2025-08-16 21:43:00.000	https://lepmon.de/annot8/media/337973	Y	Lepmon#SN010019_TH_J_2025-08-16_T_2143.jpg	image
337975	TH-J-4839	automatic interval exposure	2025-08-16 21:45:00.000	https://lepmon.de/annot8/media/337975	Y	Lepmon#SN010019_TH_J_2025-08-16_T_2145.jpg	image
337976	TH-J-4839	automatic interval exposure	2025-08-16 21:47:00.000	https://lepmon.de/annot8/media/337976	Y	Lepmon#SN010019_TH_J_2025-08-16_T_2147.jpg	image
337977	TH-J-4839	automatic interval exposure	2025-08-16 21:49:00.000	https://lepmon.de/annot8/media/337977	Y	Lepmon#SN010019_TH_J_2025-08-16_T_2149.jpg	image
337979	TH-J-4839	automatic interval exposure	2025-08-16 21:51:00.000	https://lepmon.de/annot8/media/337979	Y	Lepmon#SN010019_TH_J_2025-08-16_T_2151.jpg	image
337980	TH-J-4839	automatic interval exposure	2025-08-16 21:53:00.000	https://lepmon.de/annot8/media/337980	Y	Lepmon#SN010019_TH_J_2025-08-16_T_2153.jpg	image
337981	TH-J-4839	automatic interval exposure	2025-08-16 21:55:00.000	https://lepmon.de/annot8/media/337981	Y	Lepmon#SN010019_TH_J_2025-08-16_T_2155.jpg	image
337983	TH-J-4839	automatic interval exposure	2025-08-16 21:57:00.000	https://lepmon.de/annot8/media/337983	Y	Lepmon#SN010019_TH_J_2025-08-16_T_2157.jpg	image
337985	TH-J-4839	automatic interval exposure	2025-08-16 21:59:00.000	https://lepmon.de/annot8/media/337985	Y	Lepmon#SN010019_TH_J_2025-08-16_T_2159.jpg	image
337986	TH-J-4839	automatic interval exposure	2025-08-16 22:01:00.000	https://lepmon.de/annot8/media/337986	Y	Lepmon#SN010019_TH_J_2025-08-16_T_2201.jpg	image
337987	TH-J-4839	automatic interval exposure	2025-08-16 22:03:00.000	https://lepmon.de/annot8/media/337987	Y	Lepmon#SN010019_TH_J_2025-08-16_T_2203.jpg	image
337989	TH-J-4839	automatic interval exposure	2025-08-16 22:05:00.000	https://lepmon.de/annot8/media/337989	Y	Lepmon#SN010019_TH_J_2025-08-16_T_2205.jpg	image
337990	TH-J-4839	automatic interval exposure	2025-08-16 22:07:00.000	https://lepmon.de/annot8/media/337990	Y	Lepmon#SN010019_TH_J_2025-08-16_T_2207.jpg	image
337991	TH-J-4839	automatic interval exposure	2025-08-16 22:09:00.000	https://lepmon.de/annot8/media/337991	Y	Lepmon#SN010019_TH_J_2025-08-16_T_2209.jpg	image
338139	TH-J-4839	automatic interval exposure	2025-08-16 22:11:00.000	https://lepmon.de/annot8/media/338139	Y	Lepmon#SN010019_TH_J_2025-08-16_T_2211.jpg	image
338140	TH-J-4839	automatic interval exposure	2025-08-16 22:13:00.000	https://lepmon.de/annot8/media/338140	Y	Lepmon#SN010019_TH_J_2025-08-16_T_2213.jpg	image
338142	TH-J-4839	automatic interval exposure	2025-08-16 22:15:00.000	https://lepmon.de/annot8/media/338142	Y	Lepmon#SN010019_TH_J_2025-08-16_T_2215.jpg	image
338143	TH-J-4839	automatic interval exposure	2025-08-16 22:17:00.000	https://lepmon.de/annot8/media/338143	Y	Lepmon#SN010019_TH_J_2025-08-16_T_2217.jpg	image
338144	TH-J-4839	automatic interval exposure	2025-08-16 22:19:00.000	https://lepmon.de/annot8/media/338144	Y	Lepmon#SN010019_TH_J_2025-08-16_T_2219.jpg	image
338147	TH-J-4839	automatic interval exposure	2025-08-16 22:21:00.000	https://lepmon.de/annot8/media/338147	Y	Lepmon#SN010019_TH_J_2025-08-16_T_2221.jpg	image
338149	TH-J-4839	automatic interval exposure	2025-08-16 22:23:00.000	https://lepmon.de/annot8/media/338149	Y	Lepmon#SN010019_TH_J_2025-08-16_T_2223.jpg	image
338150	TH-J-4839	automatic interval exposure	2025-08-16 22:25:00.000	https://lepmon.de/annot8/media/338150	Y	Lepmon#SN010019_TH_J_2025-08-16_T_2225.jpg	image
338151	TH-J-4839	automatic interval exposure	2025-08-16 22:27:00.000	https://lepmon.de/annot8/media/338151	Y	Lepmon#SN010019_TH_J_2025-08-16_T_2227.jpg	image
338153	TH-J-4839	automatic interval exposure	2025-08-16 22:29:00.000	https://lepmon.de/annot8/media/338153	Y	Lepmon#SN010019_TH_J_2025-08-16_T_2229.jpg	image
338154	TH-J-4839	automatic interval exposure	2025-08-16 22:31:00.000	https://lepmon.de/annot8/media/338154	Y	Lepmon#SN010019_TH_J_2025-08-16_T_2231.jpg	image
338156	TH-J-4839	automatic interval exposure	2025-08-16 22:33:00.000	https://lepmon.de/annot8/media/338156	Y	Lepmon#SN010019_TH_J_2025-08-16_T_2233.jpg	image
338157	TH-J-4839	automatic interval exposure	2025-08-16 22:35:00.000	https://lepmon.de/annot8/media/338157	Y	Lepmon#SN010019_TH_J_2025-08-16_T_2235.jpg	image
338159	TH-J-4839	automatic interval exposure	2025-08-16 22:37:00.000	https://lepmon.de/annot8/media/338159	Y	Lepmon#SN010019_TH_J_2025-08-16_T_2237.jpg	image
338160	TH-J-4839	automatic interval exposure	2025-08-16 22:39:00.000	https://lepmon.de/annot8/media/338160	Y	Lepmon#SN010019_TH_J_2025-08-16_T_2239.jpg	image
338161	TH-J-4839	automatic interval exposure	2025-08-16 22:41:00.000	https://lepmon.de/annot8/media/338161	Y	Lepmon#SN010019_TH_J_2025-08-16_T_2241.jpg	image
338163	TH-J-4839	automatic interval exposure	2025-08-16 22:43:00.000	https://lepmon.de/annot8/media/338163	Y	Lepmon#SN010019_TH_J_2025-08-16_T_2243.jpg	image
338164	TH-J-4839	automatic interval exposure	2025-08-16 22:45:00.000	https://lepmon.de/annot8/media/338164	Y	Lepmon#SN010019_TH_J_2025-08-16_T_2245.jpg	image
338165	TH-J-4839	automatic interval exposure	2025-08-16 22:47:00.000	https://lepmon.de/annot8/media/338165	Y	Lepmon#SN010019_TH_J_2025-08-16_T_2247.jpg	image
338167	TH-J-4839	automatic interval exposure	2025-08-16 22:49:00.000	https://lepmon.de/annot8/media/338167	Y	Lepmon#SN010019_TH_J_2025-08-16_T_2249.jpg	image
338168	TH-J-4839	automatic interval exposure	2025-08-16 22:51:00.000	https://lepmon.de/annot8/media/338168	Y	Lepmon#SN010019_TH_J_2025-08-16_T_2251.jpg	image
338169	TH-J-4839	automatic interval exposure	2025-08-16 22:53:00.000	https://lepmon.de/annot8/media/338169	Y	Lepmon#SN010019_TH_J_2025-08-16_T_2253.jpg	image
338170	TH-J-4839	automatic interval exposure	2025-08-16 22:55:00.000	https://lepmon.de/annot8/media/338170	Y	Lepmon#SN010019_TH_J_2025-08-16_T_2255.jpg	image
338172	TH-J-4839	automatic interval exposure	2025-08-16 22:57:00.000	https://lepmon.de/annot8/media/338172	Y	Lepmon#SN010019_TH_J_2025-08-16_T_2257.jpg	image
338173	TH-J-4839	automatic interval exposure	2025-08-16 22:59:00.000	https://lepmon.de/annot8/media/338173	Y	Lepmon#SN010019_TH_J_2025-08-16_T_2259.jpg	image
338175	TH-J-4839	automatic interval exposure	2025-08-16 23:01:00.000	https://lepmon.de/annot8/media/338175	Y	Lepmon#SN010019_TH_J_2025-08-16_T_2301.jpg	image
338176	TH-J-4839	automatic interval exposure	2025-08-16 23:03:00.000	https://lepmon.de/annot8/media/338176	Y	Lepmon#SN010019_TH_J_2025-08-16_T_2303.jpg	image
338177	TH-J-4839	automatic interval exposure	2025-08-16 23:05:00.000	https://lepmon.de/annot8/media/338177	Y	Lepmon#SN010019_TH_J_2025-08-16_T_2305.jpg	image
338179	TH-J-4839	automatic interval exposure	2025-08-16 23:07:00.000	https://lepmon.de/annot8/media/338179	Y	Lepmon#SN010019_TH_J_2025-08-16_T_2307.jpg	image
338180	TH-J-4839	automatic interval exposure	2025-08-16 23:09:00.000	https://lepmon.de/annot8/media/338180	Y	Lepmon#SN010019_TH_J_2025-08-16_T_2309.jpg	image
338181	TH-J-4839	automatic interval exposure	2025-08-16 23:11:00.000	https://lepmon.de/annot8/media/338181	Y	Lepmon#SN010019_TH_J_2025-08-16_T_2311.jpg	image
338182	TH-J-4839	automatic interval exposure	2025-08-16 23:13:00.000	https://lepmon.de/annot8/media/338182	Y	Lepmon#SN010019_TH_J_2025-08-16_T_2313.jpg	image
338184	TH-J-4839	automatic interval exposure	2025-08-16 23:15:00.000	https://lepmon.de/annot8/media/338184	Y	Lepmon#SN010019_TH_J_2025-08-16_T_2315.jpg	image
338186	TH-J-4839	automatic interval exposure	2025-08-16 23:17:00.000	https://lepmon.de/annot8/media/338186	Y	Lepmon#SN010019_TH_J_2025-08-16_T_2317.jpg	image
338187	TH-J-4839	automatic interval exposure	2025-08-16 23:19:00.000	https://lepmon.de/annot8/media/338187	Y	Lepmon#SN010019_TH_J_2025-08-16_T_2319.jpg	image
338188	TH-J-4839	automatic interval exposure	2025-08-16 23:21:00.000	https://lepmon.de/annot8/media/338188	Y	Lepmon#SN010019_TH_J_2025-08-16_T_2321.jpg	image
338189	TH-J-4839	automatic interval exposure	2025-08-16 23:23:00.000	https://lepmon.de/annot8/media/338189	Y	Lepmon#SN010019_TH_J_2025-08-16_T_2323.jpg	image
338191	TH-J-4839	automatic interval exposure	2025-08-16 23:25:00.000	https://lepmon.de/annot8/media/338191	Y	Lepmon#SN010019_TH_J_2025-08-16_T_2325.jpg	image
338192	TH-J-4839	automatic interval exposure	2025-08-16 23:27:00.000	https://lepmon.de/annot8/media/338192	Y	Lepmon#SN010019_TH_J_2025-08-16_T_2327.jpg	image
338193	TH-J-4839	automatic interval exposure	2025-08-16 23:29:00.000	https://lepmon.de/annot8/media/338193	Y	Lepmon#SN010019_TH_J_2025-08-16_T_2329.jpg	image
338195	TH-J-4839	automatic interval exposure	2025-08-16 23:31:00.000	https://lepmon.de/annot8/media/338195	Y	Lepmon#SN010019_TH_J_2025-08-16_T_2331.jpg	image
338196	TH-J-4839	automatic interval exposure	2025-08-16 23:33:00.000	https://lepmon.de/annot8/media/338196	Y	Lepmon#SN010019_TH_J_2025-08-16_T_2333.jpg	image
338198	TH-J-4839	automatic interval exposure	2025-08-16 23:35:00.000	https://lepmon.de/annot8/media/338198	Y	Lepmon#SN010019_TH_J_2025-08-16_T_2335.jpg	image
338199	TH-J-4839	automatic interval exposure	2025-08-16 23:37:00.000	https://lepmon.de/annot8/media/338199	Y	Lepmon#SN010019_TH_J_2025-08-16_T_2337.jpg	image
338200	TH-J-4839	automatic interval exposure	2025-08-16 23:39:00.000	https://lepmon.de/annot8/media/338200	Y	Lepmon#SN010019_TH_J_2025-08-16_T_2339.jpg	image
338202	TH-J-4839	automatic interval exposure	2025-08-16 23:41:00.000	https://lepmon.de/annot8/media/338202	Y	Lepmon#SN010019_TH_J_2025-08-16_T_2341.jpg	image
338203	TH-J-4839	automatic interval exposure	2025-08-16 23:43:00.000	https://lepmon.de/annot8/media/338203	Y	Lepmon#SN010019_TH_J_2025-08-16_T_2343.jpg	image
338204	TH-J-4839	automatic interval exposure	2025-08-16 23:45:00.000	https://lepmon.de/annot8/media/338204	Y	Lepmon#SN010019_TH_J_2025-08-16_T_2345.jpg	image
338206	TH-J-4839	automatic interval exposure	2025-08-16 23:47:00.000	https://lepmon.de/annot8/media/338206	Y	Lepmon#SN010019_TH_J_2025-08-16_T_2347.jpg	image
338207	TH-J-4839	automatic interval exposure	2025-08-16 23:49:00.000	https://lepmon.de/annot8/media/338207	Y	Lepmon#SN010019_TH_J_2025-08-16_T_2349.jpg	image
338209	TH-J-4839	automatic interval exposure	2025-08-16 23:51:00.000	https://lepmon.de/annot8/media/338209	Y	Lepmon#SN010019_TH_J_2025-08-16_T_2351.jpg	image
338210	TH-J-4839	automatic interval exposure	2025-08-16 23:53:00.000	https://lepmon.de/annot8/media/338210	Y	Lepmon#SN010019_TH_J_2025-08-16_T_2353.jpg	image
338211	TH-J-4839	automatic interval exposure	2025-08-16 23:55:00.000	https://lepmon.de/annot8/media/338211	Y	Lepmon#SN010019_TH_J_2025-08-16_T_2355.jpg	image
338213	TH-J-4839	automatic interval exposure	2025-08-16 23:57:00.000	https://lepmon.de/annot8/media/338213	Y	Lepmon#SN010019_TH_J_2025-08-16_T_2357.jpg	image
338214	TH-J-4839	automatic interval exposure	2025-08-16 23:59:00.000	https://lepmon.de/annot8/media/338214	Y	Lepmon#SN010019_TH_J_2025-08-16_T_2359.jpg	image
338215	TH-J-4839	automatic interval exposure	2025-08-17 00:01:00.000	https://lepmon.de/annot8/media/338215	Y	Lepmon#SN010019_TH_J_2025-08-17_T_0001.jpg	image
338217	TH-J-4839	automatic interval exposure	2025-08-17 00:03:00.000	https://lepmon.de/annot8/media/338217	Y	Lepmon#SN010019_TH_J_2025-08-17_T_0003.jpg	image
338218	TH-J-4839	automatic interval exposure	2025-08-17 00:05:00.000	https://lepmon.de/annot8/media/338218	Y	Lepmon#SN010019_TH_J_2025-08-17_T_0005.jpg	image
338220	TH-J-4839	automatic interval exposure	2025-08-17 00:07:00.000	https://lepmon.de/annot8/media/338220	Y	Lepmon#SN010019_TH_J_2025-08-17_T_0007.jpg	image
338221	TH-J-4839	automatic interval exposure	2025-08-17 00:09:00.000	https://lepmon.de/annot8/media/338221	Y	Lepmon#SN010019_TH_J_2025-08-17_T_0009.jpg	image
338222	TH-J-4839	automatic interval exposure	2025-08-17 00:11:00.000	https://lepmon.de/annot8/media/338222	Y	Lepmon#SN010019_TH_J_2025-08-17_T_0011.jpg	image
338224	TH-J-4839	automatic interval exposure	2025-08-17 00:13:00.000	https://lepmon.de/annot8/media/338224	Y	Lepmon#SN010019_TH_J_2025-08-17_T_0013.jpg	image
338225	TH-J-4839	automatic interval exposure	2025-08-17 00:15:00.000	https://lepmon.de/annot8/media/338225	Y	Lepmon#SN010019_TH_J_2025-08-17_T_0015.jpg	image
338226	TH-J-4839	automatic interval exposure	2025-08-17 00:17:00.000	https://lepmon.de/annot8/media/338226	Y	Lepmon#SN010019_TH_J_2025-08-17_T_0017.jpg	image
338228	TH-J-4839	automatic interval exposure	2025-08-17 00:19:00.000	https://lepmon.de/annot8/media/338228	Y	Lepmon#SN010019_TH_J_2025-08-17_T_0019.jpg	image
338229	TH-J-4839	automatic interval exposure	2025-08-17 00:21:00.000	https://lepmon.de/annot8/media/338229	Y	Lepmon#SN010019_TH_J_2025-08-17_T_0021.jpg	image
338230	TH-J-4839	automatic interval exposure	2025-08-17 00:23:00.000	https://lepmon.de/annot8/media/338230	Y	Lepmon#SN010019_TH_J_2025-08-17_T_0023.jpg	image
338233	TH-J-4839	automatic interval exposure	2025-08-17 00:25:00.000	https://lepmon.de/annot8/media/338233	Y	Lepmon#SN010019_TH_J_2025-08-17_T_0025.jpg	image
338234	TH-J-4839	automatic interval exposure	2025-08-17 00:27:00.000	https://lepmon.de/annot8/media/338234	Y	Lepmon#SN010019_TH_J_2025-08-17_T_0027.jpg	image
338236	TH-J-4839	automatic interval exposure	2025-08-17 00:29:00.000	https://lepmon.de/annot8/media/338236	Y	Lepmon#SN010019_TH_J_2025-08-17_T_0029.jpg	image
338237	TH-J-4839	automatic interval exposure	2025-08-17 00:31:00.000	https://lepmon.de/annot8/media/338237	Y	Lepmon#SN010019_TH_J_2025-08-17_T_0031.jpg	image
338238	TH-J-4839	automatic interval exposure	2025-08-17 00:33:00.000	https://lepmon.de/annot8/media/338238	Y	Lepmon#SN010019_TH_J_2025-08-17_T_0033.jpg	image
338240	TH-J-4839	automatic interval exposure	2025-08-17 00:35:00.000	https://lepmon.de/annot8/media/338240	Y	Lepmon#SN010019_TH_J_2025-08-17_T_0035.jpg	image
338241	TH-J-4839	automatic interval exposure	2025-08-17 00:37:00.000	https://lepmon.de/annot8/media/338241	Y	Lepmon#SN010019_TH_J_2025-08-17_T_0037.jpg	image
338242	TH-J-4839	automatic interval exposure	2025-08-17 00:39:00.000	https://lepmon.de/annot8/media/338242	Y	Lepmon#SN010019_TH_J_2025-08-17_T_0039.jpg	image
338244	TH-J-4839	automatic interval exposure	2025-08-17 00:41:00.000	https://lepmon.de/annot8/media/338244	Y	Lepmon#SN010019_TH_J_2025-08-17_T_0041.jpg	image
338245	TH-J-4839	automatic interval exposure	2025-08-17 00:43:00.000	https://lepmon.de/annot8/media/338245	Y	Lepmon#SN010019_TH_J_2025-08-17_T_0043.jpg	image
338247	TH-J-4839	automatic interval exposure	2025-08-17 00:45:00.000	https://lepmon.de/annot8/media/338247	Y	Lepmon#SN010019_TH_J_2025-08-17_T_0045.jpg	image
338248	TH-J-4839	automatic interval exposure	2025-08-17 00:47:00.000	https://lepmon.de/annot8/media/338248	Y	Lepmon#SN010019_TH_J_2025-08-17_T_0047.jpg	image
338249	TH-J-4839	automatic interval exposure	2025-08-17 00:49:00.000	https://lepmon.de/annot8/media/338249	Y	Lepmon#SN010019_TH_J_2025-08-17_T_0049.jpg	image
338251	TH-J-4839	automatic interval exposure	2025-08-17 00:51:00.000	https://lepmon.de/annot8/media/338251	Y	Lepmon#SN010019_TH_J_2025-08-17_T_0051.jpg	image
338252	TH-J-4839	automatic interval exposure	2025-08-17 00:53:00.000	https://lepmon.de/annot8/media/338252	Y	Lepmon#SN010019_TH_J_2025-08-17_T_0053.jpg	image
338253	TH-J-4839	automatic interval exposure	2025-08-17 00:55:00.000	https://lepmon.de/annot8/media/338253	Y	Lepmon#SN010019_TH_J_2025-08-17_T_0055.jpg	image
338255	TH-J-4839	automatic interval exposure	2025-08-17 00:57:00.000	https://lepmon.de/annot8/media/338255	Y	Lepmon#SN010019_TH_J_2025-08-17_T_0057.jpg	image
338256	TH-J-4839	automatic interval exposure	2025-08-17 00:59:00.000	https://lepmon.de/annot8/media/338256	Y	Lepmon#SN010019_TH_J_2025-08-17_T_0059.jpg	image
338258	TH-J-4839	automatic interval exposure	2025-08-17 01:01:00.000	https://lepmon.de/annot8/media/338258	Y	Lepmon#SN010019_TH_J_2025-08-17_T_0101.jpg	image
338259	TH-J-4839	automatic interval exposure	2025-08-17 01:03:00.000	https://lepmon.de/annot8/media/338259	Y	Lepmon#SN010019_TH_J_2025-08-17_T_0103.jpg	image
338260	TH-J-4839	automatic interval exposure	2025-08-17 01:05:00.000	https://lepmon.de/annot8/media/338260	Y	Lepmon#SN010019_TH_J_2025-08-17_T_0105.jpg	image
338262	TH-J-4839	automatic interval exposure	2025-08-17 01:07:00.000	https://lepmon.de/annot8/media/338262	Y	Lepmon#SN010019_TH_J_2025-08-17_T_0107.jpg	image
338263	TH-J-4839	automatic interval exposure	2025-08-17 01:09:00.000	https://lepmon.de/annot8/media/338263	Y	Lepmon#SN010019_TH_J_2025-08-17_T_0109.jpg	image
338264	TH-J-4839	automatic interval exposure	2025-08-17 01:11:00.000	https://lepmon.de/annot8/media/338264	Y	Lepmon#SN010019_TH_J_2025-08-17_T_0111.jpg	image
338266	TH-J-4839	automatic interval exposure	2025-08-17 01:13:00.000	https://lepmon.de/annot8/media/338266	Y	Lepmon#SN010019_TH_J_2025-08-17_T_0113.jpg	image
338267	TH-J-4839	automatic interval exposure	2025-08-17 01:15:00.000	https://lepmon.de/annot8/media/338267	Y	Lepmon#SN010019_TH_J_2025-08-17_T_0115.jpg	image
338273	TH-J-4839	automatic interval exposure	2025-08-17 01:17:00.000	https://lepmon.de/annot8/media/338273	Y	Lepmon#SN010019_TH_J_2025-08-17_T_0117.jpg	image
338274	TH-J-4839	automatic interval exposure	2025-08-17 01:19:00.000	https://lepmon.de/annot8/media/338274	Y	Lepmon#SN010019_TH_J_2025-08-17_T_0119.jpg	image
338275	TH-J-4839	automatic interval exposure	2025-08-17 01:21:00.000	https://lepmon.de/annot8/media/338275	Y	Lepmon#SN010019_TH_J_2025-08-17_T_0121.jpg	image
338279	TH-J-4839	automatic interval exposure	2025-08-17 01:23:00.000	https://lepmon.de/annot8/media/338279	Y	Lepmon#SN010019_TH_J_2025-08-17_T_0123.jpg	image
338280	TH-J-4839	automatic interval exposure	2025-08-17 01:25:00.000	https://lepmon.de/annot8/media/338280	Y	Lepmon#SN010019_TH_J_2025-08-17_T_0125.jpg	image
338281	TH-J-4839	automatic interval exposure	2025-08-17 01:27:00.000	https://lepmon.de/annot8/media/338281	Y	Lepmon#SN010019_TH_J_2025-08-17_T_0127.jpg	image
338283	TH-J-4839	automatic interval exposure	2025-08-17 01:29:00.000	https://lepmon.de/annot8/media/338283	Y	Lepmon#SN010019_TH_J_2025-08-17_T_0129.jpg	image
338284	TH-J-4839	automatic interval exposure	2025-08-17 01:31:00.000	https://lepmon.de/annot8/media/338284	Y	Lepmon#SN010019_TH_J_2025-08-17_T_0131.jpg	image
338286	TH-J-4839	automatic interval exposure	2025-08-17 01:33:00.000	https://lepmon.de/annot8/media/338286	Y	Lepmon#SN010019_TH_J_2025-08-17_T_0133.jpg	image
338287	TH-J-4839	automatic interval exposure	2025-08-17 01:35:00.000	https://lepmon.de/annot8/media/338287	Y	Lepmon#SN010019_TH_J_2025-08-17_T_0135.jpg	image
338288	TH-J-4839	automatic interval exposure	2025-08-17 01:37:00.000	https://lepmon.de/annot8/media/338288	Y	Lepmon#SN010019_TH_J_2025-08-17_T_0137.jpg	image
338290	TH-J-4839	automatic interval exposure	2025-08-17 01:39:00.000	https://lepmon.de/annot8/media/338290	Y	Lepmon#SN010019_TH_J_2025-08-17_T_0139.jpg	image
338291	TH-J-4839	automatic interval exposure	2025-08-17 01:41:00.000	https://lepmon.de/annot8/media/338291	Y	Lepmon#SN010019_TH_J_2025-08-17_T_0141.jpg	image
338292	TH-J-4839	automatic interval exposure	2025-08-17 01:43:00.000	https://lepmon.de/annot8/media/338292	Y	Lepmon#SN010019_TH_J_2025-08-17_T_0143.jpg	image
338294	TH-J-4839	automatic interval exposure	2025-08-17 01:45:00.000	https://lepmon.de/annot8/media/338294	Y	Lepmon#SN010019_TH_J_2025-08-17_T_0145.jpg	image
338295	TH-J-4839	automatic interval exposure	2025-08-17 01:47:00.000	https://lepmon.de/annot8/media/338295	Y	Lepmon#SN010019_TH_J_2025-08-17_T_0147.jpg	image
338297	TH-J-4839	automatic interval exposure	2025-08-17 01:49:00.000	https://lepmon.de/annot8/media/338297	Y	Lepmon#SN010019_TH_J_2025-08-17_T_0149.jpg	image
338298	TH-J-4839	automatic interval exposure	2025-08-17 01:51:00.000	https://lepmon.de/annot8/media/338298	Y	Lepmon#SN010019_TH_J_2025-08-17_T_0151.jpg	image
338299	TH-J-4839	automatic interval exposure	2025-08-17 01:53:00.000	https://lepmon.de/annot8/media/338299	Y	Lepmon#SN010019_TH_J_2025-08-17_T_0153.jpg	image
338301	TH-J-4839	automatic interval exposure	2025-08-17 01:55:00.000	https://lepmon.de/annot8/media/338301	Y	Lepmon#SN010019_TH_J_2025-08-17_T_0155.jpg	image
338302	TH-J-4839	automatic interval exposure	2025-08-17 01:57:00.000	https://lepmon.de/annot8/media/338302	Y	Lepmon#SN010019_TH_J_2025-08-17_T_0157.jpg	image
338304	TH-J-4839	automatic interval exposure	2025-08-17 01:59:00.000	https://lepmon.de/annot8/media/338304	Y	Lepmon#SN010019_TH_J_2025-08-17_T_0159.jpg	image
338305	TH-J-4839	automatic interval exposure	2025-08-17 02:01:00.000	https://lepmon.de/annot8/media/338305	Y	Lepmon#SN010019_TH_J_2025-08-17_T_0201.jpg	image
338306	TH-J-4839	automatic interval exposure	2025-08-17 02:03:00.000	https://lepmon.de/annot8/media/338306	Y	Lepmon#SN010019_TH_J_2025-08-17_T_0203.jpg	image
338309	TH-J-4839	automatic interval exposure	2025-08-17 02:05:00.000	https://lepmon.de/annot8/media/338309	Y	Lepmon#SN010019_TH_J_2025-08-17_T_0205.jpg	image
338310	TH-J-4839	automatic interval exposure	2025-08-17 02:07:00.000	https://lepmon.de/annot8/media/338310	Y	Lepmon#SN010019_TH_J_2025-08-17_T_0207.jpg	image
338312	TH-J-4839	automatic interval exposure	2025-08-17 02:09:00.000	https://lepmon.de/annot8/media/338312	Y	Lepmon#SN010019_TH_J_2025-08-17_T_0209.jpg	image
338313	TH-J-4839	automatic interval exposure	2025-08-17 02:11:00.000	https://lepmon.de/annot8/media/338313	Y	Lepmon#SN010019_TH_J_2025-08-17_T_0211.jpg	image
338315	TH-J-4839	automatic interval exposure	2025-08-17 02:13:00.000	https://lepmon.de/annot8/media/338315	Y	Lepmon#SN010019_TH_J_2025-08-17_T_0213.jpg	image
338316	TH-J-4839	automatic interval exposure	2025-08-17 02:15:00.000	https://lepmon.de/annot8/media/338316	Y	Lepmon#SN010019_TH_J_2025-08-17_T_0215.jpg	image
338317	TH-J-4839	automatic interval exposure	2025-08-17 02:17:00.000	https://lepmon.de/annot8/media/338317	Y	Lepmon#SN010019_TH_J_2025-08-17_T_0217.jpg	image
338319	TH-J-4839	automatic interval exposure	2025-08-17 02:19:00.000	https://lepmon.de/annot8/media/338319	Y	Lepmon#SN010019_TH_J_2025-08-17_T_0219.jpg	image
338320	TH-J-4839	automatic interval exposure	2025-08-17 02:21:00.000	https://lepmon.de/annot8/media/338320	Y	Lepmon#SN010019_TH_J_2025-08-17_T_0221.jpg	image
338321	TH-J-4839	automatic interval exposure	2025-08-17 02:23:00.000	https://lepmon.de/annot8/media/338321	Y	Lepmon#SN010019_TH_J_2025-08-17_T_0223.jpg	image
338323	TH-J-4839	automatic interval exposure	2025-08-17 02:25:00.000	https://lepmon.de/annot8/media/338323	Y	Lepmon#SN010019_TH_J_2025-08-17_T_0225.jpg	image
338324	TH-J-4839	automatic interval exposure	2025-08-17 02:27:00.000	https://lepmon.de/annot8/media/338324	Y	Lepmon#SN010019_TH_J_2025-08-17_T_0227.jpg	image
338326	TH-J-4839	automatic interval exposure	2025-08-17 02:29:00.000	https://lepmon.de/annot8/media/338326	Y	Lepmon#SN010019_TH_J_2025-08-17_T_0229.jpg	image
338327	TH-J-4839	automatic interval exposure	2025-08-17 02:31:00.000	https://lepmon.de/annot8/media/338327	Y	Lepmon#SN010019_TH_J_2025-08-17_T_0231.jpg	image
338328	TH-J-4839	automatic interval exposure	2025-08-17 02:33:00.000	https://lepmon.de/annot8/media/338328	Y	Lepmon#SN010019_TH_J_2025-08-17_T_0233.jpg	image
338330	TH-J-4839	automatic interval exposure	2025-08-17 02:35:00.000	https://lepmon.de/annot8/media/338330	Y	Lepmon#SN010019_TH_J_2025-08-17_T_0235.jpg	image
338331	TH-J-4839	automatic interval exposure	2025-08-17 02:37:00.000	https://lepmon.de/annot8/media/338331	Y	Lepmon#SN010019_TH_J_2025-08-17_T_0237.jpg	image
338332	TH-J-4839	automatic interval exposure	2025-08-17 02:39:00.000	https://lepmon.de/annot8/media/338332	Y	Lepmon#SN010019_TH_J_2025-08-17_T_0239.jpg	image
338334	TH-J-4839	automatic interval exposure	2025-08-17 02:41:00.000	https://lepmon.de/annot8/media/338334	Y	Lepmon#SN010019_TH_J_2025-08-17_T_0241.jpg	image
338335	TH-J-4839	automatic interval exposure	2025-08-17 02:43:00.000	https://lepmon.de/annot8/media/338335	Y	Lepmon#SN010019_TH_J_2025-08-17_T_0243.jpg	image
338337	TH-J-4839	automatic interval exposure	2025-08-17 02:45:00.000	https://lepmon.de/annot8/media/338337	Y	Lepmon#SN010019_TH_J_2025-08-17_T_0245.jpg	image
338338	TH-J-4839	automatic interval exposure	2025-08-17 02:47:00.000	https://lepmon.de/annot8/media/338338	Y	Lepmon#SN010019_TH_J_2025-08-17_T_0247.jpg	image
338339	TH-J-4839	automatic interval exposure	2025-08-17 02:49:00.000	https://lepmon.de/annot8/media/338339	Y	Lepmon#SN010019_TH_J_2025-08-17_T_0249.jpg	image
338341	TH-J-4839	automatic interval exposure	2025-08-17 02:51:00.000	https://lepmon.de/annot8/media/338341	Y	Lepmon#SN010019_TH_J_2025-08-17_T_0251.jpg	image
338342	TH-J-4839	automatic interval exposure	2025-08-17 02:53:00.000	https://lepmon.de/annot8/media/338342	Y	Lepmon#SN010019_TH_J_2025-08-17_T_0253.jpg	image
338343	TH-J-4839	automatic interval exposure	2025-08-17 02:55:00.000	https://lepmon.de/annot8/media/338343	Y	Lepmon#SN010019_TH_J_2025-08-17_T_0255.jpg	image
338345	TH-J-4839	automatic interval exposure	2025-08-17 02:57:00.000	https://lepmon.de/annot8/media/338345	Y	Lepmon#SN010019_TH_J_2025-08-17_T_0257.jpg	image
338346	TH-J-4839	automatic interval exposure	2025-08-17 02:59:00.000	https://lepmon.de/annot8/media/338346	Y	Lepmon#SN010019_TH_J_2025-08-17_T_0259.jpg	image
338348	TH-J-4839	automatic interval exposure	2025-08-17 03:01:00.000	https://lepmon.de/annot8/media/338348	Y	Lepmon#SN010019_TH_J_2025-08-17_T_0301.jpg	image
338349	TH-J-4839	automatic interval exposure	2025-08-17 03:03:00.000	https://lepmon.de/annot8/media/338349	Y	Lepmon#SN010019_TH_J_2025-08-17_T_0303.jpg	image
338350	TH-J-4839	automatic interval exposure	2025-08-17 03:05:00.000	https://lepmon.de/annot8/media/338350	Y	Lepmon#SN010019_TH_J_2025-08-17_T_0305.jpg	image
338352	TH-J-4839	automatic interval exposure	2025-08-17 03:07:00.000	https://lepmon.de/annot8/media/338352	Y	Lepmon#SN010019_TH_J_2025-08-17_T_0307.jpg	image
338353	TH-J-4839	automatic interval exposure	2025-08-17 03:09:00.000	https://lepmon.de/annot8/media/338353	Y	Lepmon#SN010019_TH_J_2025-08-17_T_0309.jpg	image
338354	TH-J-4839	automatic interval exposure	2025-08-17 03:11:00.000	https://lepmon.de/annot8/media/338354	Y	Lepmon#SN010019_TH_J_2025-08-17_T_0311.jpg	image
338356	TH-J-4839	automatic interval exposure	2025-08-17 03:13:00.000	https://lepmon.de/annot8/media/338356	Y	Lepmon#SN010019_TH_J_2025-08-17_T_0313.jpg	image
338357	TH-J-4839	automatic interval exposure	2025-08-17 03:15:00.000	https://lepmon.de/annot8/media/338357	Y	Lepmon#SN010019_TH_J_2025-08-17_T_0315.jpg	image
338359	TH-J-4839	automatic interval exposure	2025-08-17 03:17:00.000	https://lepmon.de/annot8/media/338359	Y	Lepmon#SN010019_TH_J_2025-08-17_T_0317.jpg	image
338360	TH-J-4839	automatic interval exposure	2025-08-17 03:19:00.000	https://lepmon.de/annot8/media/338360	Y	Lepmon#SN010019_TH_J_2025-08-17_T_0319.jpg	image
338361	TH-J-4839	automatic interval exposure	2025-08-17 03:21:00.000	https://lepmon.de/annot8/media/338361	Y	Lepmon#SN010019_TH_J_2025-08-17_T_0321.jpg	image
338363	TH-J-4839	automatic interval exposure	2025-08-17 03:23:00.000	https://lepmon.de/annot8/media/338363	Y	Lepmon#SN010019_TH_J_2025-08-17_T_0323.jpg	image
338364	TH-J-4839	automatic interval exposure	2025-08-17 03:25:00.000	https://lepmon.de/annot8/media/338364	Y	Lepmon#SN010019_TH_J_2025-08-17_T_0325.jpg	image
338365	TH-J-4839	automatic interval exposure	2025-08-17 03:27:00.000	https://lepmon.de/annot8/media/338365	Y	Lepmon#SN010019_TH_J_2025-08-17_T_0327.jpg	image
338367	TH-J-4839	automatic interval exposure	2025-08-17 03:29:00.000	https://lepmon.de/annot8/media/338367	Y	Lepmon#SN010019_TH_J_2025-08-17_T_0329.jpg	image
338368	TH-J-4839	automatic interval exposure	2025-08-17 03:31:00.000	https://lepmon.de/annot8/media/338368	Y	Lepmon#SN010019_TH_J_2025-08-17_T_0331.jpg	image
338370	TH-J-4839	automatic interval exposure	2025-08-17 03:33:00.000	https://lepmon.de/annot8/media/338370	Y	Lepmon#SN010019_TH_J_2025-08-17_T_0333.jpg	image
338371	TH-J-4839	automatic interval exposure	2025-08-17 03:35:00.000	https://lepmon.de/annot8/media/338371	Y	Lepmon#SN010019_TH_J_2025-08-17_T_0335.jpg	image
338372	TH-J-4839	automatic interval exposure	2025-08-17 03:37:00.000	https://lepmon.de/annot8/media/338372	Y	Lepmon#SN010019_TH_J_2025-08-17_T_0337.jpg	image
338374	TH-J-4839	automatic interval exposure	2025-08-17 03:39:00.000	https://lepmon.de/annot8/media/338374	Y	Lepmon#SN010019_TH_J_2025-08-17_T_0339.jpg	image
338375	TH-J-4839	automatic interval exposure	2025-08-17 03:41:00.000	https://lepmon.de/annot8/media/338375	Y	Lepmon#SN010019_TH_J_2025-08-17_T_0341.jpg	image
338376	TH-J-4839	automatic interval exposure	2025-08-17 03:43:00.000	https://lepmon.de/annot8/media/338376	Y	Lepmon#SN010019_TH_J_2025-08-17_T_0343.jpg	image
338378	TH-J-4839	automatic interval exposure	2025-08-17 03:45:00.000	https://lepmon.de/annot8/media/338378	Y	Lepmon#SN010019_TH_J_2025-08-17_T_0345.jpg	image
338379	TH-J-4839	automatic interval exposure	2025-08-17 03:47:00.000	https://lepmon.de/annot8/media/338379	Y	Lepmon#SN010019_TH_J_2025-08-17_T_0347.jpg	image
338381	TH-J-4839	automatic interval exposure	2025-08-17 03:49:00.000	https://lepmon.de/annot8/media/338381	Y	Lepmon#SN010019_TH_J_2025-08-17_T_0349.jpg	image
338382	TH-J-4839	automatic interval exposure	2025-08-17 03:51:00.000	https://lepmon.de/annot8/media/338382	Y	Lepmon#SN010019_TH_J_2025-08-17_T_0351.jpg	image
338383	TH-J-4839	automatic interval exposure	2025-08-17 03:53:00.000	https://lepmon.de/annot8/media/338383	Y	Lepmon#SN010019_TH_J_2025-08-17_T_0353.jpg	image
338385	TH-J-4839	automatic interval exposure	2025-08-17 03:55:00.000	https://lepmon.de/annot8/media/338385	Y	Lepmon#SN010019_TH_J_2025-08-17_T_0355.jpg	image
338386	TH-J-4839	automatic interval exposure	2025-08-17 03:57:00.000	https://lepmon.de/annot8/media/338386	Y	Lepmon#SN010019_TH_J_2025-08-17_T_0357.jpg	image
338387	TH-J-4839	automatic interval exposure	2025-08-17 03:59:00.000	https://lepmon.de/annot8/media/338387	Y	Lepmon#SN010019_TH_J_2025-08-17_T_0359.jpg	image
338389	TH-J-4839	automatic interval exposure	2025-08-17 04:01:00.000	https://lepmon.de/annot8/media/338389	Y	Lepmon#SN010019_TH_J_2025-08-17_T_0401.jpg	image
338390	TH-J-4839	automatic interval exposure	2025-08-17 04:03:00.000	https://lepmon.de/annot8/media/338390	Y	Lepmon#SN010019_TH_J_2025-08-17_T_0403.jpg	image
338391	TH-J-4839	automatic interval exposure	2025-08-17 04:05:00.000	https://lepmon.de/annot8/media/338391	Y	Lepmon#SN010019_TH_J_2025-08-17_T_0405.jpg	image
338393	TH-J-4839	automatic interval exposure	2025-08-17 04:07:00.000	https://lepmon.de/annot8/media/338393	Y	Lepmon#SN010019_TH_J_2025-08-17_T_0407.jpg	image
338394	TH-J-4839	automatic interval exposure	2025-08-17 04:09:00.000	https://lepmon.de/annot8/media/338394	Y	Lepmon#SN010019_TH_J_2025-08-17_T_0409.jpg	image
338395	TH-J-4839	automatic interval exposure	2025-08-17 04:11:00.000	https://lepmon.de/annot8/media/338395	Y	Lepmon#SN010019_TH_J_2025-08-17_T_0411.jpg	image
338397	TH-J-4839	automatic interval exposure	2025-08-17 04:13:00.000	https://lepmon.de/annot8/media/338397	Y	Lepmon#SN010019_TH_J_2025-08-17_T_0413.jpg	image
338398	TH-J-4839	automatic interval exposure	2025-08-17 04:15:00.000	https://lepmon.de/annot8/media/338398	Y	Lepmon#SN010019_TH_J_2025-08-17_T_0415.jpg	image
338400	TH-J-4839	automatic interval exposure	2025-08-17 04:17:00.000	https://lepmon.de/annot8/media/338400	Y	Lepmon#SN010019_TH_J_2025-08-17_T_0417.jpg	image
338401	TH-J-4839	automatic interval exposure	2025-08-17 04:19:00.000	https://lepmon.de/annot8/media/338401	Y	Lepmon#SN010019_TH_J_2025-08-17_T_0419.jpg	image
338402	TH-J-4839	automatic interval exposure	2025-08-17 04:21:00.000	https://lepmon.de/annot8/media/338402	Y	Lepmon#SN010019_TH_J_2025-08-17_T_0421.jpg	image
338403	TH-J-4839	automatic interval exposure	2025-08-17 04:23:00.000	https://lepmon.de/annot8/media/338403	Y	Lepmon#SN010019_TH_J_2025-08-17_T_0423.jpg	image
338405	TH-J-4839	automatic interval exposure	2025-08-17 04:25:00.000	https://lepmon.de/annot8/media/338405	Y	Lepmon#SN010019_TH_J_2025-08-17_T_0425.jpg	image
338406	TH-J-4839	automatic interval exposure	2025-08-17 04:27:00.000	https://lepmon.de/annot8/media/338406	Y	Lepmon#SN010019_TH_J_2025-08-17_T_0427.jpg	image
338409	TH-J-4839	automatic interval exposure	2025-08-17 04:29:00.000	https://lepmon.de/annot8/media/338409	Y	Lepmon#SN010019_TH_J_2025-08-17_T_0429.jpg	image
338410	TH-J-4839	automatic interval exposure	2025-08-17 04:31:00.000	https://lepmon.de/annot8/media/338410	Y	Lepmon#SN010019_TH_J_2025-08-17_T_0431.jpg	image
338411	TH-J-4839	automatic interval exposure	2025-08-17 04:33:00.000	https://lepmon.de/annot8/media/338411	Y	Lepmon#SN010019_TH_J_2025-08-17_T_0433.jpg	image
338413	TH-J-4839	automatic interval exposure	2025-08-17 04:35:00.000	https://lepmon.de/annot8/media/338413	Y	Lepmon#SN010019_TH_J_2025-08-17_T_0435.jpg	image
338414	TH-J-4839	automatic interval exposure	2025-08-17 04:37:00.000	https://lepmon.de/annot8/media/338414	Y	Lepmon#SN010019_TH_J_2025-08-17_T_0437.jpg	image
338415	TH-J-4839	automatic interval exposure	2025-08-17 04:39:00.000	https://lepmon.de/annot8/media/338415	Y	Lepmon#SN010019_TH_J_2025-08-17_T_0439.jpg	image
338417	TH-J-4839	automatic interval exposure	2025-08-17 04:41:00.000	https://lepmon.de/annot8/media/338417	Y	Lepmon#SN010019_TH_J_2025-08-17_T_0441.jpg	image
338418	TH-J-4839	automatic interval exposure	2025-08-17 04:43:00.000	https://lepmon.de/annot8/media/338418	Y	Lepmon#SN010019_TH_J_2025-08-17_T_0443.jpg	image
338420	TH-J-4839	automatic interval exposure	2025-08-17 04:45:00.000	https://lepmon.de/annot8/media/338420	Y	Lepmon#SN010019_TH_J_2025-08-17_T_0445.jpg	image
338421	TH-J-4839	automatic interval exposure	2025-08-17 04:47:00.000	https://lepmon.de/annot8/media/338421	Y	Lepmon#SN010019_TH_J_2025-08-17_T_0447.jpg	image
338422	TH-J-4839	automatic interval exposure	2025-08-17 04:49:00.000	https://lepmon.de/annot8/media/338422	Y	Lepmon#SN010019_TH_J_2025-08-17_T_0449.jpg	image
338424	TH-J-4839	automatic interval exposure	2025-08-17 04:51:00.000	https://lepmon.de/annot8/media/338424	Y	Lepmon#SN010019_TH_J_2025-08-17_T_0451.jpg	image
338425	TH-J-4839	automatic interval exposure	2025-08-17 04:53:00.000	https://lepmon.de/annot8/media/338425	Y	Lepmon#SN010019_TH_J_2025-08-17_T_0453.jpg	image
338426	TH-J-4839	automatic interval exposure	2025-08-17 04:55:00.000	https://lepmon.de/annot8/media/338426	Y	Lepmon#SN010019_TH_J_2025-08-17_T_0455.jpg	image
338428	TH-J-4839	automatic interval exposure	2025-08-17 04:57:00.000	https://lepmon.de/annot8/media/338428	Y	Lepmon#SN010019_TH_J_2025-08-17_T_0457.jpg	image
338429	TH-J-4839	automatic interval exposure	2025-08-17 04:59:00.000	https://lepmon.de/annot8/media/338429	Y	Lepmon#SN010019_TH_J_2025-08-17_T_0459.jpg	image
338430	TH-J-4839	automatic interval exposure	2025-08-17 05:01:00.000	https://lepmon.de/annot8/media/338430	Y	Lepmon#SN010019_TH_J_2025-08-17_T_0501.jpg	image
338432	TH-J-4839	automatic interval exposure	2025-08-17 05:03:00.000	https://lepmon.de/annot8/media/338432	Y	Lepmon#SN010019_TH_J_2025-08-17_T_0503.jpg	image
338433	TH-J-4839	automatic interval exposure	2025-08-17 05:05:00.000	https://lepmon.de/annot8/media/338433	Y	Lepmon#SN010019_TH_J_2025-08-17_T_0505.jpg	image
338434	TH-J-4839	automatic interval exposure	2025-08-17 05:07:00.000	https://lepmon.de/annot8/media/338434	Y	Lepmon#SN010019_TH_J_2025-08-17_T_0507.jpg	image
338436	TH-J-4839	automatic interval exposure	2025-08-17 05:09:00.000	https://lepmon.de/annot8/media/338436	Y	Lepmon#SN010019_TH_J_2025-08-17_T_0509.jpg	image
338437	TH-J-4839	automatic interval exposure	2025-08-17 05:11:00.000	https://lepmon.de/annot8/media/338437	Y	Lepmon#SN010019_TH_J_2025-08-17_T_0511.jpg	image
338438	TH-J-4839	automatic interval exposure	2025-08-17 05:13:00.000	https://lepmon.de/annot8/media/338438	Y	Lepmon#SN010019_TH_J_2025-08-17_T_0513.jpg	image
338440	TH-J-4839	automatic interval exposure	2025-08-17 05:15:00.000	https://lepmon.de/annot8/media/338440	Y	Lepmon#SN010019_TH_J_2025-08-17_T_0515.jpg	image
338441	TH-J-4839	automatic interval exposure	2025-08-17 05:17:00.000	https://lepmon.de/annot8/media/338441	Y	Lepmon#SN010019_TH_J_2025-08-17_T_0517.jpg	image
338442	TH-J-4839	automatic interval exposure	2025-08-17 05:19:00.000	https://lepmon.de/annot8/media/338442	Y	Lepmon#SN010019_TH_J_2025-08-17_T_0519.jpg	image
338444	TH-J-4839	automatic interval exposure	2025-08-17 05:21:00.000	https://lepmon.de/annot8/media/338444	Y	Lepmon#SN010019_TH_J_2025-08-17_T_0521.jpg	image
338445	TH-J-4839	automatic interval exposure	2025-08-17 05:23:00.000	https://lepmon.de/annot8/media/338445	Y	Lepmon#SN010019_TH_J_2025-08-17_T_0523.jpg	image
338447	TH-J-4839	automatic interval exposure	2025-08-17 05:25:00.000	https://lepmon.de/annot8/media/338447	Y	Lepmon#SN010019_TH_J_2025-08-17_T_0525.jpg	image
338448	TH-J-4839	automatic interval exposure	2025-08-17 05:27:00.000	https://lepmon.de/annot8/media/338448	Y	Lepmon#SN010019_TH_J_2025-08-17_T_0527.jpg	image
338449	TH-J-4839	automatic interval exposure	2025-08-17 05:29:00.000	https://lepmon.de/annot8/media/338449	Y	Lepmon#SN010019_TH_J_2025-08-17_T_0529.jpg	image
338451	TH-J-4839	automatic interval exposure	2025-08-17 05:31:00.000	https://lepmon.de/annot8/media/338451	Y	Lepmon#SN010019_TH_J_2025-08-17_T_0531.jpg	image
338452	TH-J-4839	automatic interval exposure	2025-08-17 05:33:00.000	https://lepmon.de/annot8/media/338452	Y	Lepmon#SN010019_TH_J_2025-08-17_T_0533.jpg	image
338453	TH-J-4839	automatic interval exposure	2025-08-17 05:35:00.000	https://lepmon.de/annot8/media/338453	Y	Lepmon#SN010019_TH_J_2025-08-17_T_0535.jpg	image
338455	TH-J-4839	automatic interval exposure	2025-08-17 05:37:00.000	https://lepmon.de/annot8/media/338455	Y	Lepmon#SN010019_TH_J_2025-08-17_T_0537.jpg	image
338456	TH-J-4839	automatic interval exposure	2025-08-17 05:39:00.000	https://lepmon.de/annot8/media/338456	Y	Lepmon#SN010019_TH_J_2025-08-17_T_0539.jpg	image
338457	TH-J-4839	automatic interval exposure	2025-08-17 05:41:00.000	https://lepmon.de/annot8/media/338457	Y	Lepmon#SN010019_TH_J_2025-08-17_T_0541.jpg	image
338459	TH-J-4839	automatic interval exposure	2025-08-17 05:43:00.000	https://lepmon.de/annot8/media/338459	Y	Lepmon#SN010019_TH_J_2025-08-17_T_0543.jpg	image
338460	TH-J-4839	automatic interval exposure	2025-08-17 05:45:00.000	https://lepmon.de/annot8/media/338460	Y	Lepmon#SN010019_TH_J_2025-08-17_T_0545.jpg	image
338461	TH-J-4839	automatic interval exposure	2025-08-17 05:47:00.000	https://lepmon.de/annot8/media/338461	Y	Lepmon#SN010019_TH_J_2025-08-17_T_0547.jpg	image
338463	TH-J-4839	automatic interval exposure	2025-08-17 05:49:00.000	https://lepmon.de/annot8/media/338463	Y	Lepmon#SN010019_TH_J_2025-08-17_T_0549.jpg	image
338464	TH-J-4839	automatic interval exposure	2025-08-17 05:51:00.000	https://lepmon.de/annot8/media/338464	Y	Lepmon#SN010019_TH_J_2025-08-17_T_0551.jpg	image
338465	TH-J-4839	automatic interval exposure	2025-08-17 05:53:00.000	https://lepmon.de/annot8/media/338465	Y	Lepmon#SN010019_TH_J_2025-08-17_T_0553.jpg	image
338467	TH-J-4839	automatic interval exposure	2025-08-17 05:55:00.000	https://lepmon.de/annot8/media/338467	Y	Lepmon#SN010019_TH_J_2025-08-17_T_0555.jpg	image
338468	TH-J-4839	automatic interval exposure	2025-08-17 05:57:00.000	https://lepmon.de/annot8/media/338468	Y	Lepmon#SN010019_TH_J_2025-08-17_T_0557.jpg	image
338469	TH-J-4839	automatic interval exposure	2025-08-17 05:59:00.000	https://lepmon.de/annot8/media/338469	Y	Lepmon#SN010019_TH_J_2025-08-17_T_0559.jpg	image
338471	TH-J-4839	automatic interval exposure	2025-08-17 06:01:00.000	https://lepmon.de/annot8/media/338471	Y	Lepmon#SN010019_TH_J_2025-08-17_T_0601.jpg	image
338472	TH-J-4839	automatic interval exposure	2025-08-17 06:03:00.000	https://lepmon.de/annot8/media/338472	Y	Lepmon#SN010019_TH_J_2025-08-17_T_0603.jpg	image
338474	TH-J-4839	automatic interval exposure	2025-08-17 06:05:00.000	https://lepmon.de/annot8/media/338474	Y	Lepmon#SN010019_TH_J_2025-08-17_T_0605.jpg	image
338475	TH-J-4839	automatic interval exposure	2025-08-17 06:07:00.000	https://lepmon.de/annot8/media/338475	Y	Lepmon#SN010019_TH_J_2025-08-17_T_0607.jpg	image
338476	TH-J-4839	automatic interval exposure	2025-08-17 06:09:00.000	https://lepmon.de/annot8/media/338476	Y	Lepmon#SN010019_TH_J_2025-08-17_T_0609.jpg	image
338478	TH-J-4839	automatic interval exposure	2025-08-17 06:11:00.000	https://lepmon.de/annot8/media/338478	Y	Lepmon#SN010019_TH_J_2025-08-17_T_0611.jpg	image
338480	TH-J-4839	automatic interval exposure	2025-08-17 06:13:00.000	https://lepmon.de/annot8/media/338480	Y	Lepmon#SN010019_TH_J_2025-08-17_T_0613.jpg	image
338481	TH-J-4839	automatic interval exposure	2025-08-17 06:15:00.000	https://lepmon.de/annot8/media/338481	Y	Lepmon#SN010019_TH_J_2025-08-17_T_0615.jpg	image
338484	TH-J-4839	automatic interval exposure	2025-08-17 06:17:00.000	https://lepmon.de/annot8/media/338484	Y	Lepmon#SN010019_TH_J_2025-08-17_T_0617.jpg	image
338485	TH-J-4839	automatic interval exposure	2025-08-17 06:19:00.000	https://lepmon.de/annot8/media/338485	Y	Lepmon#SN010019_TH_J_2025-08-17_T_0619.jpg	image
338486	TH-J-4839	automatic interval exposure	2025-08-17 06:21:00.000	https://lepmon.de/annot8/media/338486	Y	Lepmon#SN010019_TH_J_2025-08-17_T_0621.jpg	image
338487	TH-J-4839	automatic interval exposure	2025-08-17 06:23:00.000	https://lepmon.de/annot8/media/338487	Y	Lepmon#SN010019_TH_J_2025-08-17_T_0623.jpg	image
338489	TH-J-4839	automatic interval exposure	2025-08-17 06:25:00.000	https://lepmon.de/annot8/media/338489	Y	Lepmon#SN010019_TH_J_2025-08-17_T_0625.jpg	image
338490	TH-J-4839	automatic interval exposure	2025-08-17 06:27:00.000	https://lepmon.de/annot8/media/338490	Y	Lepmon#SN010019_TH_J_2025-08-17_T_0627.jpg	image
338492	TH-J-4839	automatic interval exposure	2025-08-17 06:29:00.000	https://lepmon.de/annot8/media/338492	Y	Lepmon#SN010019_TH_J_2025-08-17_T_0629.jpg	image
338493	TH-J-4839	automatic interval exposure	2025-08-17 06:31:00.000	https://lepmon.de/annot8/media/338493	Y	Lepmon#SN010019_TH_J_2025-08-17_T_0631.jpg	image
338494	TH-J-4839	automatic interval exposure	2025-08-17 06:33:00.000	https://lepmon.de/annot8/media/338494	Y	Lepmon#SN010019_TH_J_2025-08-17_T_0633.jpg	image
338496	TH-J-4839	automatic interval exposure	2025-08-17 06:35:00.000	https://lepmon.de/annot8/media/338496	Y	Lepmon#SN010019_TH_J_2025-08-17_T_0635.jpg	image
338497	TH-J-4839	automatic interval exposure	2025-08-17 06:37:00.000	https://lepmon.de/annot8/media/338497	Y	Lepmon#SN010019_TH_J_2025-08-17_T_0637.jpg	image
338498	TH-J-4839	automatic interval exposure	2025-08-17 06:39:00.000	https://lepmon.de/annot8/media/338498	Y	Lepmon#SN010019_TH_J_2025-08-17_T_0639.jpg	image
338500	TH-J-4839	automatic interval exposure	2025-08-17 06:41:00.000	https://lepmon.de/annot8/media/338500	Y	Lepmon#SN010019_TH_J_2025-08-17_T_0641.jpg	image
338501	TH-J-4839	automatic interval exposure	2025-08-17 06:43:00.000	https://lepmon.de/annot8/media/338501	Y	Lepmon#SN010019_TH_J_2025-08-17_T_0643.jpg	image
338502	TH-J-4839	automatic interval exposure	2025-08-17 06:45:00.000	https://lepmon.de/annot8/media/338502	Y	Lepmon#SN010019_TH_J_2025-08-17_T_0645.jpg	image
338504	TH-J-4839	automatic interval exposure	2025-08-17 06:47:00.000	https://lepmon.de/annot8/media/338504	Y	Lepmon#SN010019_TH_J_2025-08-17_T_0647.jpg	image
338505	TH-J-4839	automatic interval exposure	2025-08-17 06:49:00.000	https://lepmon.de/annot8/media/338505	Y	Lepmon#SN010019_TH_J_2025-08-17_T_0649.jpg	image
